{"someData":[{"﻿Bank":"Bank of Honolulu","State":"HI","Date":"13-Oct-00"},{"﻿Bank":"National State Bank of Metropolis","State":"IL","Date":"14-Dec-00"},{"﻿Bank":"First Alliance Bank & Trust Co.","State":"NH","Date":"2-Feb-01"},{"﻿Bank":"Malta National Bank","State":"OH","Date":"3-May-01"},{"﻿Bank":"Superior Bank FSB","State":"IL","Date":"27-Jul-01"},{"﻿Bank":"Sinclair National Bank","State":"AR","Date":"7-Sep-01"},{"﻿Bank":"Hamilton Bank NA","State":"FL","Date":"11-Jan-02"},{"﻿Bank":"Bank of Sierra Blanca","State":"TX","Date":"18-Jan-02"},{"﻿Bank":"Oakwood Deposit Bank Co.","State":"OH","Date":"1-Feb-02"},{"﻿Bank":"NextBank NA","State":"AZ","Date":"7-Feb-02"},{"﻿Bank":"Net 1st National Bank","State":"FL","Date":"1-Mar-02"},{"﻿Bank":"New Century Bank","State":"MI","Date":"28-Mar-02"},{"﻿Bank":"Connecticut Bank of Commerce","State":"CT","Date":"26-Jun-02"},{"﻿Bank":"Universal Federal Savings Bank","State":"IL","Date":"27-Jun-02"}]}